username,profile_url
1man1monster,https://www.instagram.com/1man1monster/
__dkyle,https://www.instagram.com/__dkyle/
aakash_kingsoul_poudel,https://www.instagram.com/aakash_kingsoul_poudel/
adelevalmont,https://www.instagram.com/adelevalmont/
alex.crite,https://www.instagram.com/alex.crite/
alex_touiti_coach_sportif,https://www.instagram.com/alex_touiti_coach_sportif/
alienedittz,https://www.instagram.com/alienedittz/
alpha07927,https://www.instagram.com/alpha07927/
alphadudeeeeee,https://www.instagram.com/alphadudeeeeee/
artonosdieweltheute,https://www.instagram.com/artonosdieweltheute/
awitchypath,https://www.instagram.com/awitchypath/
baconjay11,https://www.instagram.com/baconjay11/
bae_talks,https://www.instagram.com/bae_talks/
bass_freaks999,https://www.instagram.com/bass_freaks999/
bawaalco,https://www.instagram.com/bawaalco/
beanpop.toons,https://www.instagram.com/beanpop.toons/
biggestgravityhater,https://www.instagram.com/biggestgravityhater/
blink.razor,https://www.instagram.com/blink.razor/
brutally_mind,https://www.instagram.com/brutally_mind/
carboncaptain,https://www.instagram.com/carboncaptain/
cat_talks_shit,https://www.instagram.com/cat_talks_shit/
chakirief,https://www.instagram.com/chakirief/
chaos_glitch21,https://www.instagram.com/chaos_glitch21/
chicgoddesses,https://www.instagram.com/chicgoddesses/
chicvelvets,https://www.instagram.com/chicvelvets/
childrenofthenight9,https://www.instagram.com/childrenofthenight9/
cosmicchat07,https://www.instagram.com/cosmicchat07/
cracked_creator,https://www.instagram.com/cracked_creator/
crishty_002,https://www.instagram.com/crishty_002/
cro_napolitanka,https://www.instagram.com/cro_napolitanka/
cryandscroll5,https://www.instagram.com/cryandscroll5/
dailyhalat,https://www.instagram.com/dailyhalat/
dakjitsu,https://www.instagram.com/dakjitsu/
definetely_not__travis,https://www.instagram.com/definetely_not__travis/
den_kuro.1,https://www.instagram.com/den_kuro.1/
dino.kiaax,https://www.instagram.com/dino.kiaax/
dino.verse_,https://www.instagram.com/dino.verse_/
elite.truth,https://www.instagram.com/elite.truth/
ellen.viking,https://www.instagram.com/ellen.viking/
elysian_gems01,https://www.instagram.com/elysian_gems01/
etti_sadh,https://www.instagram.com/etti_sadh/
ev3rylift,https://www.instagram.com/ev3rylift/
ex.ibo,https://www.instagram.com/ex.ibo/
flightriskrc,https://www.instagram.com/flightriskrc/
gainz4hell,https://www.instagram.com/gainz4hell/
ghosty_rider_psyche,https://www.instagram.com/ghosty_rider_psyche/
glazed__lines,https://www.instagram.com/glazed__lines/
gloowart,https://www.instagram.com/gloowart/
gogolida_,https://www.instagram.com/gogolida_/
greyfinn_og,https://www.instagram.com/greyfinn_og/
gully.giggles_,https://www.instagram.com/gully.giggles_/
guusher20,https://www.instagram.com/guusher20/
gymitine,https://www.instagram.com/gymitine/
hakuna_himamoto,https://www.instagram.com/hakuna_himamoto/
harrisanstey,https://www.instagram.com/harrisanstey/
hecti.co.84,https://www.instagram.com/hecti.co.84/
heroatheroic,https://www.instagram.com/heroatheroic/
hitoshi_ninja,https://www.instagram.com/hitoshi_ninja/
hooplifeclips100,https://www.instagram.com/hooplifeclips100/
hoopsvibes7,https://www.instagram.com/hoopsvibes7/
huntercchildress,https://www.instagram.com/huntercchildress/
hushmood_23,https://www.instagram.com/hushmood_23/
ifwyadav,https://www.instagram.com/ifwyadav/
ignitemedia.ceo,https://www.instagram.com/ignitemedia.ceo/
in_.facting,https://www.instagram.com/in_.facting/
insomnia.tv_,https://www.instagram.com/insomnia.tv_/
its_mr.dog_07,https://www.instagram.com/its_mr.dog_07/
its_mr.lion_07,https://www.instagram.com/its_mr.lion_07/
jahspell,https://www.instagram.com/jahspell/
jelly_watches_you,https://www.instagram.com/jelly_watches_you/
jero_tattoo,https://www.instagram.com/jero_tattoo/
john_helldiver_2.0,https://www.instagram.com/john_helldiver_2.0/
joyfuljeremiah.mma,https://www.instagram.com/joyfuljeremiah.mma/
karyotic.euc,https://www.instagram.com/karyotic.euc/
kidpilltatz,https://www.instagram.com/kidpilltatz/
kiokenjosh,https://www.instagram.com/kiokenjosh/
kp_fitness181,https://www.instagram.com/kp_fitness181/
last_xoxo_04,https://www.instagram.com/last_xoxo_04/
liilith_store,https://www.instagram.com/liilith_store/
lio.nsecret,https://www.instagram.com/lio.nsecret/
lk._7.62,https://www.instagram.com/lk._7.62/
lunarvision.jp,https://www.instagram.com/lunarvision.jp/
major_meemer,https://www.instagram.com/major_meemer/
manga_messiah07,https://www.instagram.com/manga_messiah07/
manga_messiah_04,https://www.instagram.com/manga_messiah_04/
martinejoh,https://www.instagram.com/martinejoh/
mcscreamery,https://www.instagram.com/mcscreamery/
megaacademiaitajai,https://www.instagram.com/megaacademiaitajai/
meme.erra,https://www.instagram.com/meme.erra/
meme_buzz9,https://www.instagram.com/meme_buzz9/
meme_department.me,https://www.instagram.com/meme_department.me/
meme_e126,https://www.instagram.com/meme_e126/
meme_pr12,https://www.instagram.com/meme_pr12/
memesofrosie,https://www.instagram.com/memesofrosie/
memevision.rp,https://www.instagram.com/memevision.rp/
meows.snow,https://www.instagram.com/meows.snow/
miirle__,https://www.instagram.com/miirle__/
millionairedivision,https://www.instagram.com/millionairedivision/
misticlilith666,https://www.instagram.com/misticlilith666/
moiraxa.noir,https://www.instagram.com/moiraxa.noir/
moto_motoh_,https://www.instagram.com/moto_motoh_/
nandooliftzsumtimes,https://www.instagram.com/nandooliftzsumtimes/
newearth.q,https://www.instagram.com/newearth.q/
nice_ot7_,https://www.instagram.com/nice_ot7_/
non.unreal,https://www.instagram.com/non.unreal/
nottaken.exe,https://www.instagram.com/nottaken.exe/
oxz_one,https://www.instagram.com/oxz_one/
pcamargopaulo,https://www.instagram.com/pcamargopaulo/
pikakaty,https://www.instagram.com/pikakaty/
povulikecherry,https://www.instagram.com/povulikecherry/
projectpunish,https://www.instagram.com/projectpunish/
pulsexyz_,https://www.instagram.com/pulsexyz_/
realfrazzlejay,https://www.instagram.com/realfrazzlejay/
rebekah_knight1111,https://www.instagram.com/rebekah_knight1111/
red.meows,https://www.instagram.com/red.meows/
reylvtattoos,https://www.instagram.com/reylvtattoos/
robinhollowauthor,https://www.instagram.com/robinhollowauthor/
romanjiujitsu,https://www.instagram.com/romanjiujitsu/
seb.draws.things,https://www.instagram.com/seb.draws.things/
shaun.the.sheep07,https://www.instagram.com/shaun.the.sheep07/
shaytan_pyre,https://www.instagram.com/shaytan_pyre/
shinchan_is_chill,https://www.instagram.com/shinchan_is_chill/
shitposts756,https://www.instagram.com/shitposts756/
skars,https://www.instagram.com/skars/
smooth_rizz_girl,https://www.instagram.com/smooth_rizz_girl/
social_lion._,https://www.instagram.com/social_lion._/
solarvision.jp,https://www.instagram.com/solarvision.jp/
stargliderart,https://www.instagram.com/stargliderart/
storm_____bringer,https://www.instagram.com/storm_____bringer/
tahirvella,https://www.instagram.com/tahirvella/
tatted_tuti_,https://www.instagram.com/tatted_tuti_/
tattoosbymikel,https://www.instagram.com/tattoosbymikel/
tezay_talks,https://www.instagram.com/tezay_talks/
that_plant_girl_91,https://www.instagram.com/that_plant_girl_91/
the__.fallen.__one,https://www.instagram.com/the__.fallen.__one/
the_asthetic_2020,https://www.instagram.com/the_asthetic_2020/
the_retarted_nigga,https://www.instagram.com/the_retarted_nigga/
the_skyso_angel,https://www.instagram.com/the_skyso_angel/
the_social_devill,https://www.instagram.com/the_social_devill/
the_socialcat,https://www.instagram.com/the_socialcat/
the_socialtiger001,https://www.instagram.com/the_socialtiger001/
theartistphoenix,https://www.instagram.com/theartistphoenix/
theartofmorriganaustin,https://www.instagram.com/theartofmorriganaustin/
thedarkfeedd,https://www.instagram.com/thedarkfeedd/
thehunterarena,https://www.instagram.com/thehunterarena/
thelooserdaddy,https://www.instagram.com/thelooserdaddy/
thesocialsnake,https://www.instagram.com/thesocialsnake/
thewritingenigma,https://www.instagram.com/thewritingenigma/
thiagotcaa,https://www.instagram.com/thiagotcaa/
think.erme,https://www.instagram.com/think.erme/
triumvirate.15,https://www.instagram.com/triumvirate.15/
truestrengthwarrior,https://www.instagram.com/truestrengthwarrior/
trust_verse,https://www.instagram.com/trust_verse/
ts.voidkiddd,https://www.instagram.com/ts.voidkiddd/
tuffy_talk_shit,https://www.instagram.com/tuffy_talk_shit/
ultra.jake,https://www.instagram.com/ultra.jake/
valmerza,https://www.instagram.com/valmerza/
vampliarss,https://www.instagram.com/vampliarss/
veilsscript7,https://www.instagram.com/veilsscript7/
velvetgothic,https://www.instagram.com/velvetgothic/
velvettmora,https://www.instagram.com/velvettmora/
venus_planet_muschel,https://www.instagram.com/venus_planet_muschel/
void_matrix_,https://www.instagram.com/void_matrix_/
voidstomper,https://www.instagram.com/voidstomper/
volodymyrgomoliako,https://www.instagram.com/volodymyrgomoliako/
vuhlune,https://www.instagram.com/vuhlune/
williamtattoo17,https://www.instagram.com/williamtattoo17/
xaviers_photos,https://www.instagram.com/xaviers_photos/
xshadexnight_,https://www.instagram.com/xshadexnight_/
zarin._00,https://www.instagram.com/zarin._00/
zazou_zabel,https://www.instagram.com/zazou_zabel/
zenithglowxo,https://www.instagram.com/zenithglowxo/
zommmbluvr,https://www.instagram.com/zommmbluvr/
